customerID,gender,SeniorCitizen,tenure,PhoneService,InternetService,MonthlyCharges,TotalCharges,Churn
CUST00001,Male,0,3,Yes,Fiber optic,94.8,267.3,No
CUST00002,Female,0,29,No,DSL,71.36,2331.3,No
CUST00003,Female,0,15,No,DSL,92.83,1353.38,No
CUST00004,Male,0,53,No,No,32.17,1951.73,No
CUST00005,Female,0,0,Yes,DSL,83.35,,No
CUST00006,Male,0,21,Yes,No,63.23,1243.93,No
CUST00007,Female,0,4,No,Fiber optic,98.21,360.7,No
CUST00008,Male,0,31,No,DSL,51.1,1635.89,No
CUST00009,Male,0,9,No,Fiber optic,101.09,,Yes
CUST00010,Male,0,11,No,DSL,85.13,925.94,Yes
CUST00011,Male,0,5,No,DSL,96.13,521.97,Yes
CUST00012,Female,0,8,Yes,No,98.83,779.93,Yes
CUST00013,Male,0,5,Yes,No,107.32,,Yes
CUST00014,Male,0,41,Yes,DSL,73.39,3404.15,No
CUST00015,Male,0,11,No,No,98.91,,Yes
CUST00016,Female,0,26,Yes,Fiber optic,34.85,997.81,No
CUST00017,Male,0,38,No,No,55.31,2426.85,No
CUST00018,Female,0,5,Yes,Fiber optic,103.0,480.87,No
CUST00019,Female,1,49,No,No,97.64,4597.83,No
CUST00020,Male,0,38,Yes,DSL,62.14,2060.99,No
CUST00021,Female,0,2,No,No,61.96,108.59,No
CUST00022,Female,0,21,Yes,No,80.1,1529.75,No
CUST00023,Male,1,55,No,Fiber optic,68.3,4158.56,Yes
CUST00024,Male,0,12,Yes,No,30.5,,No
CUST00025,Male,0,64,No,DSL,43.11,2578.12,No
CUST00026,Male,0,1,Yes,DSL,67.92,76.62,No
CUST00027,Female,1,19,No,No,62.44,1194.74,No
CUST00028,Male,0,12,No,DSL,78.95,957.75,No
CUST00029,Male,0,25,No,Fiber optic,77.95,1937.94,No
CUST00030,Female,0,12,Yes,Fiber optic,39.35,567.72,Yes
CUST00031,Female,1,27,Yes,DSL,39.8,1109.37,Yes
CUST00032,Male,1,58,No,DSL,83.16,5247.99,No
CUST00033,Male,0,7,Yes,DSL,100.68,705.65,No
CUST00034,Female,1,5,Yes,DSL,102.12,499.47,Yes
CUST00035,Male,0,14,Yes,Fiber optic,50.75,846.27,Yes
CUST00036,Male,0,25,No,DSL,46.43,923.29,No
CUST00037,Male,0,44,No,No,87.23,3752.2,No
CUST00038,Female,0,3,No,DSL,103.59,326.69,No
CUST00039,Male,0,35,No,Fiber optic,37.35,1505.34,No
CUST00040,Male,1,9,Yes,No,99.4,915.86,Yes
CUST00041,Male,1,50,No,DSL,98.18,4905.55,No
CUST00042,Male,1,0,No,No,77.01,,No
CUST00043,Male,0,21,Yes,Fiber optic,34.39,789.73,No
CUST00044,Male,0,5,No,DSL,60.06,257.14,No
CUST00045,Female,1,62,Yes,Fiber optic,64.97,3560.84,No
CUST00046,Female,1,20,No,DSL,42.26,968.32,No
CUST00047,Female,0,60,Yes,DSL,59.85,3916.95,No
CUST00048,Male,0,51,No,Fiber optic,73.74,3933.65,No
CUST00049,Male,1,3,No,Fiber optic,79.8,247.24,No
CUST00050,Male,0,3,No,No,97.56,,Yes
CUST00051,Female,0,34,Yes,Fiber optic,70.78,2296.0,No
CUST00052,Male,0,28,Yes,DSL,47.63,1445.39,No
CUST00053,Male,1,0,Yes,Fiber optic,105.55,,No
CUST00054,Female,0,26,No,DSL,29.91,680.31,No
CUST00055,Male,0,8,No,DSL,66.34,545.94,No
CUST00056,Female,1,46,Yes,No,73.16,3564.35,No
CUST00057,Female,0,8,No,No,104.65,824.67,Yes
CUST00058,Male,0,42,No,Fiber optic,30.53,1561.47,No
CUST00059,Female,0,47,Yes,No,69.91,3397.11,No
CUST00060,Female,0,34,No,Fiber optic,68.98,2328.1,Yes
CUST00061,Male,0,16,No,DSL,86.67,1372.37,No
CUST00062,Male,0,32,Yes,Fiber optic,98.46,3342.02,No
CUST00063,Female,0,10,No,No,98.4,972.55,Yes
CUST00064,Male,1,8,Yes,No,77.02,615.55,Yes
CUST00065,Male,0,13,Yes,DSL,98.66,1410.91,No
CUST00066,Male,0,37,Yes,DSL,26.44,949.65,No
CUST00067,Male,0,3,Yes,DSL,100.62,331.27,Yes
CUST00068,Male,0,7,Yes,DSL,104.68,711.98,Yes
CUST00069,Male,0,62,No,DSL,64.55,4609.3,No
CUST00070,Male,1,11,No,DSL,80.85,969.63,Yes
CUST00071,Male,0,6,No,Fiber optic,100.69,631.92,Yes
CUST00072,Female,0,22,Yes,DSL,64.22,1312.5,No
CUST00073,Female,0,21,Yes,DSL,34.44,741.17,No
CUST00074,Male,1,8,No,Fiber optic,102.92,768.58,Yes
CUST00075,Male,0,59,No,No,94.49,5513.25,No
CUST00076,Female,0,14,No,Fiber optic,63.99,1006.29,No
CUST00077,Female,1,3,Yes,Fiber optic,98.69,266.86,Yes
CUST00078,Male,1,6,Yes,DSL,72.86,459.16,Yes
CUST00079,Female,0,8,Yes,Fiber optic,87.66,717.54,No
CUST00080,Male,0,11,Yes,DSL,93.16,1051.52,No
CUST00081,Male,0,56,No,Fiber optic,56.43,2686.12,Yes
CUST00082,Male,0,67,No,No,20.76,1422.17,No
CUST00083,Female,0,13,No,Fiber optic,89.6,1248.21,Yes
CUST00084,Male,0,5,Yes,DSL,105.86,560.52,Yes
CUST00085,Male,1,11,Yes,No,104.53,1084.52,No
CUST00086,Female,0,55,Yes,Fiber optic,43.84,2285.53,No
CUST00087,Female,0,61,No,DSL,61.81,4018.89,No
CUST00088,Male,0,16,Yes,DSL,20.42,274.95,No
CUST00089,Female,0,27,No,Fiber optic,84.52,2109.63,Yes
CUST00090,Female,1,24,No,DSL,70.78,1891.2,Yes
CUST00091,Male,1,69,Yes,DSL,30.67,1916.91,No
CUST00092,Male,0,37,No,Fiber optic,68.95,2421.27,No
CUST00093,Female,0,30,No,No,64.89,2139.91,No
CUST00094,Male,0,31,No,DSL,60.62,1651.71,No
CUST00095,Male,0,0,No,Fiber optic,96.36,,No
CUST00096,Male,0,43,No,DSL,44.3,1885.22,No
CUST00097,Male,0,17,Yes,Fiber optic,38.73,812.87,No
CUST00098,Female,0,26,Yes,DSL,54.23,1306.13,No
CUST00099,Male,0,11,Yes,No,95.96,973.73,Yes
CUST00100,Male,1,19,No,No,34.1,,No
CUST00101,Female,0,29,No,DSL,78.6,2420.86,No
CUST00102,Female,1,27,No,DSL,37.23,1034.6,No
CUST00103,Female,0,2,Yes,DSL,96.09,198.81,Yes
CUST00104,Female,0,3,No,Fiber optic,63.46,189.47,No
CUST00105,Female,1,10,Yes,Fiber optic,67.07,728.89,Yes
CUST00106,Female,0,2,No,DSL,109.07,211.24,Yes
CUST00107,Male,0,70,No,DSL,46.68,2946.27,No
CUST00108,Male,0,13,No,DSL,27.23,407.28,No
CUST00109,Female,0,5,No,No,88.65,465.89,Yes
CUST00110,Female,0,8,No,No,109.39,954.05,Yes
CUST00111,Female,0,5,No,Fiber optic,79.02,444.07,Yes
CUST00112,Male,0,54,No,No,30.88,1744.09,No
CUST00113,Female,0,8,Yes,DSL,86.98,650.05,Yes
CUST00114,Female,0,55,No,Fiber optic,21.11,1161.31,Yes
CUST00115,Male,1,3,Yes,DSL,107.4,315.1,Yes
CUST00116,Female,0,35,No,No,31.82,1209.96,No
CUST00117,Female,0,57,No,Fiber optic,96.8,5134.79,No
CUST00118,Female,0,44,No,Fiber optic,28.08,1558.9,No
CUST00119,Female,0,11,Yes,No,73.58,,No
CUST00120,Male,0,45,Yes,DSL,56.24,2935.4,No
CUST00121,Male,0,14,No,Fiber optic,63.87,867.37,Yes
CUST00122,Female,1,31,Yes,DSL,95.32,3012.24,Yes
CUST00123,Female,0,54,Yes,DSL,38.32,2585.76,No
CUST00124,Female,1,56,No,Fiber optic,84.08,4231.8,No
CUST00125,Male,0,5,No,DSL,73.46,387.72,Yes
CUST00126,Male,0,1,Yes,No,96.08,91.56,No
CUST00127,Male,0,0,Yes,Fiber optic,67.49,,Yes
CUST00128,Female,1,8,No,No,80.45,688.0,No
CUST00129,Male,1,59,Yes,DSL,48.47,3301.06,Yes
CUST00130,Male,0,29,Yes,DSL,27.58,773.96,No
CUST00131,Female,0,53,No,No,88.47,4350.21,No
CUST00132,Male,0,8,Yes,DSL,79.3,656.7,Yes
CUST00133,Male,0,15,Yes,DSL,67.43,1080.49,No
CUST00134,Female,1,23,No,DSL,39.34,1052.85,Yes
CUST00135,Female,0,39,No,Fiber optic,20.02,514.89,Yes
CUST00136,Male,0,24,Yes,DSL,27.96,456.71,No
CUST00137,Female,0,12,Yes,Fiber optic,58.18,599.62,No
CUST00138,Male,1,35,No,DSL,49.37,2046.08,Yes
CUST00139,Male,1,59,No,Fiber optic,55.08,3671.82,No
CUST00140,Female,0,58,No,DSL,97.6,5518.95,No
CUST00141,Female,1,11,Yes,DSL,66.34,795.17,No
CUST00142,Male,0,6,No,No,66.28,433.14,No
CUST00143,Male,1,9,Yes,DSL,72.94,613.16,Yes
CUST00144,Female,0,9,Yes,DSL,105.17,945.16,No
CUST00145,Male,1,52,No,DSL,76.74,3619.35,No
CUST00146,Female,0,64,Yes,DSL,88.16,5021.0,No
CUST00147,Male,0,11,No,DSL,67.12,783.96,No
CUST00148,Female,0,59,Yes,DSL,79.27,4600.98,No
CUST00149,Female,1,48,Yes,Fiber optic,51.69,,Yes
CUST00150,Female,0,29,Yes,Fiber optic,33.75,926.78,Yes
CUST00151,Female,0,4,Yes,Fiber optic,104.01,444.32,Yes
CUST00152,Male,1,11,Yes,DSL,67.83,818.41,No
CUST00153,Male,0,68,No,Fiber optic,42.14,3182.37,No
CUST00154,Female,0,55,No,No,66.22,3940.63,No
CUST00155,Female,1,1,Yes,No,62.16,53.71,No
CUST00156,Female,0,30,No,DSL,25.14,622.23,No
CUST00157,Female,1,2,Yes,Fiber optic,107.31,206.55,No
CUST00158,Female,0,15,Yes,Fiber optic,70.12,1118.27,No
CUST00159,Female,0,37,Yes,No,86.03,3319.18,No
CUST00160,Female,0,71,Yes,No,43.25,3264.5,No
CUST00161,Female,0,66,Yes,Fiber optic,66.45,4741.13,No
CUST00162,Male,0,45,Yes,DSL,95.93,4472.46,No
CUST00163,Male,0,18,No,No,79.29,1341.28,No
CUST00164,Female,0,12,No,Fiber optic,82.21,1065.72,Yes
CUST00165,Male,0,18,Yes,No,30.1,686.51,No
CUST00166,Female,0,31,No,No,58.18,1746.36,No
CUST00167,Female,0,32,No,No,94.51,3004.34,No
CUST00168,Male,0,50,No,DSL,47.76,2736.8,No
CUST00169,Male,0,1,No,Fiber optic,64.24,56.09,Yes
CUST00170,Male,0,6,Yes,DSL,92.83,499.82,Yes
CUST00171,Male,0,42,Yes,DSL,96.04,4437.57,No
CUST00172,Male,1,60,No,Fiber optic,77.84,4695.63,No
CUST00173,Female,0,49,Yes,No,69.61,3395.7,No
CUST00174,Female,1,27,No,No,51.47,1652.95,No
CUST00175,Male,0,36,Yes,Fiber optic,67.33,2278.42,Yes
CUST00176,Male,0,66,No,No,63.85,4289.76,No
CUST00177,Male,1,60,Yes,DSL,83.79,4916.4,Yes
CUST00178,Female,0,18,Yes,Fiber optic,29.99,440.18,No
CUST00179,Male,0,2,Yes,DSL,109.36,223.46,No
CUST00180,Female,0,2,Yes,Fiber optic,87.54,186.49,Yes
CUST00181,Female,0,29,No,Fiber optic,50.69,1682.62,No
CUST00182,Male,1,48,No,Fiber optic,73.98,3960.56,No
CUST00183,Male,0,60,Yes,DSL,55.77,3328.93,No
CUST00184,Male,0,4,No,Fiber optic,80.74,332.06,Yes
CUST00185,Female,1,2,No,No,85.54,158.53,No
CUST00186,Female,1,11,No,Fiber optic,76.48,,Yes
CUST00187,Female,0,5,No,Fiber optic,102.18,524.33,Yes
CUST00188,Male,0,63,No,Fiber optic,57.16,3079.29,No
CUST00189,Female,0,12,No,No,69.53,789.26,No
CUST00190,Male,0,25,No,No,95.52,2419.04,No
CUST00191,Male,0,18,No,No,67.1,1331.88,No
CUST00192,Male,0,20,No,DSL,24.37,624.56,No
CUST00193,Male,0,47,No,Fiber optic,44.95,1783.29,No
CUST00194,Male,0,2,No,Fiber optic,91.12,172.45,Yes
CUST00195,Female,0,10,No,DSL,71.5,768.31,No
CUST00196,Male,0,20,No,DSL,24.84,,No
CUST00197,Female,0,9,Yes,No,90.6,,Yes
CUST00198,Female,1,9,Yes,Fiber optic,87.38,848.36,Yes
CUST00199,Male,0,37,No,DSL,72.58,2663.69,No
CUST00200,Female,1,20,Yes,Fiber optic,66.04,1380.07,Yes
CUST00201,Female,1,2,Yes,DSL,98.54,214.17,No
CUST00202,Female,0,10,Yes,DSL,86.93,928.9,Yes
CUST00203,Female,1,37,No,DSL,40.61,1865.43,No
CUST00204,Male,1,3,No,Fiber optic,95.19,285.51,No
CUST00205,Male,0,33,No,Fiber optic,95.75,3117.59,No
CUST00206,Female,0,67,Yes,DSL,81.02,5460.6,No
CUST00207,Male,0,8,Yes,No,88.2,782.57,No
CUST00208,Male,0,43,Yes,No,29.51,1220.9,No
CUST00209,Male,0,31,No,No,78.37,2616.24,No
CUST00210,Female,0,52,No,DSL,62.28,3465.51,No
CUST00211,Female,0,23,No,Fiber optic,91.05,1992.06,No
CUST00212,Male,0,62,Yes,No,68.26,3621.99,No
CUST00213,Male,0,59,No,No,60.35,3677.52,No
CUST00214,Female,0,9,Yes,DSL,72.72,712.29,Yes
CUST00215,Female,1,72,Yes,DSL,72.59,4958.11,No
CUST00216,Female,0,38,Yes,No,73.23,,No
CUST00217,Male,1,23,Yes,No,25.3,453.9,Yes
CUST00218,Female,0,24,Yes,Fiber optic,31.8,688.12,No
CUST00219,Female,1,48,Yes,Fiber optic,50.48,2301.44,No
CUST00220,Male,0,41,Yes,DSL,35.93,1335.29,No
CUST00221,Male,0,9,No,No,67.58,659.85,No
CUST00222,Female,0,16,Yes,DSL,48.73,903.56,No
CUST00223,Female,0,12,No,Fiber optic,87.35,1077.67,No
CUST00224,Female,0,66,No,No,77.91,4530.5,No
CUST00225,Male,0,6,No,DSL,79.54,487.84,Yes
CUST00226,Female,0,1,Yes,DSL,75.88,66.47,No
CUST00227,Male,0,33,No,DSL,67.47,2011.62,No
CUST00228,Female,0,60,Yes,DSL,45.41,2674.94,No
CUST00229,Male,0,10,No,Fiber optic,70.17,682.77,No
CUST00230,Female,0,3,No,Fiber optic,95.96,293.36,Yes
CUST00231,Female,0,11,No,Fiber optic,96.64,957.62,Yes
CUST00232,Female,0,43,Yes,DSL,25.56,1393.37,No
CUST00233,Male,0,6,Yes,Fiber optic,91.68,601.51,Yes
CUST00234,Male,0,6,No,Fiber optic,67.22,350.13,No
CUST00235,Male,0,66,Yes,DSL,45.51,3286.88,No
CUST00236,Female,0,18,No,DSL,37.48,811.53,No
CUST00237,Male,1,45,No,No,30.61,1207.28,No
CUST00238,Male,0,38,No,DSL,22.26,604.39,No
CUST00239,Female,0,3,No,DSL,64.61,191.39,No
CUST00240,Male,0,56,No,Fiber optic,20.94,913.15,No
CUST00241,Female,0,65,No,DSL,91.78,6071.41,No
CUST00242,Male,0,21,Yes,DSL,46.84,915.4,No
CUST00243,Female,0,46,Yes,DSL,63.09,3146.88,No
CUST00244,Male,0,43,No,DSL,75.18,3446.52,No
CUST00245,Male,0,12,No,DSL,47.9,683.01,No
CUST00246,Female,0,61,No,DSL,41.01,2010.74,No
CUST00247,Male,0,11,No,DSL,65.0,612.1,No
CUST00248,Male,0,9,Yes,DSL,64.23,610.8,No
CUST00249,Male,0,33,Yes,No,34.95,1305.73,No
CUST00250,Male,0,58,Yes,DSL,21.63,1311.94,No
CUST00251,Female,0,21,No,No,33.58,690.74,No
CUST00252,Male,0,10,Yes,DSL,108.8,,Yes
CUST00253,Male,0,4,Yes,Fiber optic,98.32,401.99,No
CUST00254,Female,0,31,Yes,Fiber optic,95.84,3274.78,No
CUST00255,Male,0,18,Yes,Fiber optic,49.15,958.43,No
CUST00256,Female,0,62,No,DSL,91.85,5161.03,No
CUST00257,Female,0,8,No,Fiber optic,101.42,822.19,Yes
CUST00258,Male,1,36,Yes,DSL,63.12,2274.24,No
CUST00259,Female,1,27,No,Fiber optic,61.3,1912.36,No
CUST00260,Female,0,35,Yes,DSL,47.08,1541.02,No
CUST00261,Male,0,4,No,Fiber optic,75.46,311.72,Yes
CUST00262,Male,0,70,No,DSL,27.58,1394.91,No
CUST00263,Male,1,9,No,Fiber optic,64.5,623.13,No
CUST00264,Female,0,36,No,Fiber optic,60.26,1833.49,No
CUST00265,Female,1,7,No,Fiber optic,106.24,709.02,No
CUST00266,Female,0,34,Yes,Fiber optic,71.95,2210.35,No
CUST00267,Female,0,42,Yes,No,38.51,1308.76,No
CUST00268,Female,0,5,No,No,79.75,401.85,Yes
CUST00269,Female,0,12,No,DSL,77.58,896.19,No
CUST00270,Male,0,3,Yes,DSL,95.97,290.0,Yes
CUST00271,Male,0,48,Yes,DSL,92.66,,No
CUST00272,Female,0,38,Yes,DSL,82.33,3054.69,No
CUST00273,Female,1,36,Yes,Fiber optic,33.62,1108.16,No
CUST00274,Female,0,67,Yes,DSL,61.35,3918.55,No
CUST00275,Female,0,65,Yes,DSL,44.39,2285.75,No
CUST00276,Male,0,19,No,Fiber optic,40.36,593.63,Yes
CUST00277,Female,0,16,No,Fiber optic,41.01,709.2,Yes
CUST00278,Female,0,54,No,Fiber optic,40.46,,No
CUST00279,Female,0,46,No,No,68.33,3076.99,No
CUST00280,Male,1,1,Yes,DSL,107.29,109.55,Yes
CUST00281,Female,1,33,No,DSL,71.4,2081.16,No
CUST00282,Male,0,12,No,Fiber optic,86.57,1028.28,No
CUST00283,Male,0,3,Yes,Fiber optic,107.27,305.81,Yes
CUST00284,Male,1,10,Yes,DSL,75.19,786.89,Yes
CUST00285,Male,0,28,No,DSL,47.64,1260.85,No
CUST00286,Female,0,9,No,Fiber optic,88.47,836.39,Yes
CUST00287,Male,1,2,Yes,Fiber optic,64.95,117.36,Yes
CUST00288,Male,0,30,No,DSL,40.37,1289.3,No
CUST00289,Female,0,3,No,No,82.3,222.48,Yes
CUST00290,Male,0,22,No,DSL,33.49,850.56,No
CUST00291,Female,0,14,No,Fiber optic,72.6,890.58,No
CUST00292,Female,0,46,Yes,DSL,28.35,1061.83,No
CUST00293,Female,0,1,Yes,Fiber optic,108.11,104.74,No
CUST00294,Male,0,66,Yes,Fiber optic,82.73,4958.39,Yes
CUST00295,Female,0,12,No,Fiber optic,96.32,1115.84,No
CUST00296,Female,0,68,No,DSL,75.97,4822.24,No
CUST00297,Male,0,67,No,Fiber optic,35.96,2680.86,No
CUST00298,Male,0,31,No,Fiber optic,32.55,938.68,Yes
CUST00299,Female,0,42,No,No,30.53,1046.6,No
CUST00300,Female,0,12,No,No,22.91,214.29,No
CUST00301,Female,0,16,Yes,No,69.05,1196.43,No
CUST00302,Female,0,12,Yes,Fiber optic,72.01,805.91,No
CUST00303,Male,1,67,Yes,No,78.04,4993.58,No
CUST00304,Male,0,12,Yes,Fiber optic,45.33,427.66,Yes
CUST00305,Male,0,69,Yes,Fiber optic,91.8,5899.75,No
CUST00306,Female,1,9,No,Fiber optic,92.07,826.32,No
CUST00307,Female,0,3,Yes,DSL,68.65,213.75,No
CUST00308,Male,0,0,No,No,101.37,,No
CUST00309,Male,1,34,No,Fiber optic,47.73,1670.37,No
CUST00310,Male,0,52,No,DSL,58.37,2707.18,No
CUST00311,Female,1,59,Yes,No,45.57,2304.99,No
CUST00312,Female,0,4,Yes,Fiber optic,65.54,275.84,No
CUST00313,Female,0,36,No,Fiber optic,54.95,1830.96,No
CUST00314,Female,0,62,No,DSL,90.2,5292.45,No
CUST00315,Male,0,9,Yes,Fiber optic,94.34,906.53,No
CUST00316,Male,0,3,Yes,Fiber optic,98.84,324.5,Yes
CUST00317,Male,0,59,No,No,99.71,5459.48,No
CUST00318,Male,1,10,Yes,DSL,73.68,792.98,No
CUST00319,Female,0,70,No,DSL,46.27,3247.1,No
CUST00320,Male,0,10,No,Fiber optic,70.13,720.17,No
CUST00321,Male,0,7,Yes,DSL,104.48,667.23,Yes
CUST00322,Male,1,72,Yes,Fiber optic,80.3,6110.71,No
CUST00323,Male,0,11,Yes,Fiber optic,80.71,932.67,Yes
CUST00324,Male,0,32,Yes,Fiber optic,52.23,1405.46,No
CUST00325,Male,0,44,No,No,83.8,3562.14,No
CUST00326,Male,1,0,No,Fiber optic,77.78,,Yes
CUST00327,Male,0,5,No,DSL,95.7,451.23,Yes
CUST00328,Male,1,12,Yes,Fiber optic,50.08,582.24,Yes
CUST00329,Male,0,26,No,DSL,41.92,928.68,No
CUST00330,Male,0,66,Yes,Fiber optic,52.19,3654.06,No
CUST00331,Male,0,67,No,Fiber optic,56.09,3950.97,No
CUST00332,Male,0,3,No,Fiber optic,88.6,263.83,No
CUST00333,Female,0,34,No,Fiber optic,52.44,1464.31,No
CUST00334,Female,0,0,No,DSL,104.26,,No
CUST00335,Male,0,0,Yes,Fiber optic,109.86,,No
CUST00336,Female,0,59,Yes,DSL,41.13,2009.75,No
CUST00337,Female,0,2,No,DSL,78.77,155.59,Yes
CUST00338,Female,0,10,No,No,103.89,1019.28,Yes
CUST00339,Male,0,1,Yes,DSL,101.93,95.48,Yes
CUST00340,Female,0,9,Yes,No,107.88,986.28,Yes
CUST00341,Male,0,38,No,DSL,42.47,1390.87,No
CUST00342,Male,1,15,Yes,No,82.33,1332.02,No
CUST00343,Female,0,6,No,DSL,69.76,448.0,No
CUST00344,Female,0,12,Yes,No,71.66,913.92,No
CUST00345,Female,0,4,Yes,DSL,107.15,438.95,Yes
CUST00346,Male,0,35,Yes,No,99.42,3536.87,No
CUST00347,Female,1,7,No,Fiber optic,83.62,640.89,Yes
CUST00348,Female,0,1,No,Fiber optic,84.26,74.66,Yes
CUST00349,Male,0,27,No,Fiber optic,84.63,2535.16,No
CUST00350,Male,0,52,Yes,Fiber optic,45.72,2131.14,No
CUST00351,Male,1,44,Yes,DSL,34.75,1437.62,No
CUST00352,Female,0,10,Yes,Fiber optic,79.27,775.9,Yes
CUST00353,Male,0,48,Yes,Fiber optic,38.0,1840.76,Yes
CUST00354,Male,0,45,Yes,DSL,35.67,1846.69,No
CUST00355,Female,0,4,Yes,Fiber optic,69.49,262.51,No
CUST00356,Female,0,0,Yes,DSL,104.56,,Yes
CUST00357,Male,1,1,No,Fiber optic,102.39,92.91,No
CUST00358,Male,0,10,No,Fiber optic,99.28,1084.19,Yes
CUST00359,Female,0,65,Yes,No,78.61,5699.97,No
CUST00360,Male,0,9,Yes,Fiber optic,108.14,918.82,Yes
CUST00361,Male,0,11,Yes,DSL,73.35,759.73,Yes
CUST00362,Female,0,44,No,DSL,95.46,4240.73,No
CUST00363,Male,0,40,No,DSL,63.24,2193.66,No
CUST00364,Female,0,6,No,Fiber optic,81.15,433.77,Yes
CUST00365,Male,0,36,No,DSL,94.58,3247.89,No
CUST00366,Female,0,24,No,No,72.72,1958.04,No
CUST00367,Female,0,1,No,Fiber optic,88.68,96.76,No
CUST00368,Male,0,70,Yes,Fiber optic,90.51,6921.63,No
CUST00369,Female,0,2,Yes,Fiber optic,86.57,179.73,No
CUST00370,Male,1,27,No,DSL,71.51,2005.19,No
CUST00371,Male,0,10,No,No,66.56,694.29,No
CUST00372,Female,1,46,Yes,No,94.77,4007.56,Yes
CUST00373,Male,0,46,No,Fiber optic,29.52,1588.67,No
CUST00374,Female,0,8,Yes,No,85.8,626.02,No
CUST00375,Female,0,2,Yes,Fiber optic,66.94,145.81,Yes
CUST00376,Female,0,9,No,DSL,88.41,823.6,No
CUST00377,Male,0,9,No,DSL,72.45,571.24,No
CUST00378,Female,0,62,No,DSL,85.15,5250.75,No
CUST00379,Male,1,53,Yes,No,29.96,1794.25,No
CUST00380,Female,0,65,No,DSL,58.13,3561.92,No
CUST00381,Male,0,7,Yes,Fiber optic,68.74,411.64,No
CUST00382,Female,0,2,No,No,85.96,165.26,Yes
CUST00383,Female,0,61,No,Fiber optic,54.24,3915.92,Yes
CUST00384,Female,0,20,No,No,80.76,1447.78,No
CUST00385,Female,1,11,Yes,DSL,102.22,1221.29,No
CUST00386,Female,0,4,No,Fiber optic,76.16,281.82,No
CUST00387,Female,0,9,Yes,No,61.93,562.89,No
CUST00388,Male,0,27,No,Fiber optic,46.47,1328.72,No
CUST00389,Female,1,54,No,DSL,36.54,1544.29,Yes
CUST00390,Female,1,46,Yes,DSL,33.89,1600.31,No
CUST00391,Female,0,15,Yes,Fiber optic,81.18,1293.69,No
CUST00392,Male,0,51,Yes,Fiber optic,93.69,4739.48,No
CUST00393,Male,1,36,No,Fiber optic,97.24,3815.09,No
CUST00394,Male,1,17,Yes,DSL,31.56,700.2,No
CUST00395,Female,1,31,Yes,Fiber optic,22.2,880.9,Yes
CUST00396,Female,0,47,Yes,DSL,57.68,3108.07,No
CUST00397,Male,0,4,No,DSL,78.0,276.62,No
CUST00398,Female,0,34,No,DSL,22.77,749.69,No
CUST00399,Male,0,40,Yes,No,55.39,2156.0,No
CUST00400,Male,0,62,No,DSL,76.52,4678.98,No
CUST00401,Female,0,54,No,DSL,64.96,3648.01,No
CUST00402,Female,0,10,Yes,DSL,100.3,947.35,Yes
CUST00403,Female,0,0,Yes,Fiber optic,77.72,,Yes
CUST00404,Male,0,31,Yes,DSL,57.23,1889.65,No
CUST00405,Male,0,55,Yes,No,31.06,1679.29,No
CUST00406,Female,0,18,Yes,No,90.89,1764.0,No
CUST00407,Male,0,1,No,Fiber optic,94.23,87.6,Yes
CUST00408,Female,0,43,Yes,Fiber optic,58.3,2869.81,No
CUST00409,Female,0,12,Yes,DSL,85.38,1122.16,No
CUST00410,Male,0,56,Yes,DSL,54.09,2804.06,No
CUST00411,Male,0,2,No,No,76.32,163.01,Yes
CUST00412,Male,0,45,No,Fiber optic,92.2,,No
CUST00413,Male,0,39,Yes,DSL,35.22,1658.87,No
CUST00414,Male,1,34,No,Fiber optic,54.08,2143.5,Yes
CUST00415,Male,0,38,Yes,DSL,45.65,1892.03,No
CUST00416,Female,0,6,Yes,DSL,108.94,681.14,Yes
CUST00417,Male,0,52,Yes,Fiber optic,96.79,4726.34,Yes
CUST00418,Female,0,11,No,Fiber optic,99.97,1039.72,No
CUST00419,Male,0,10,Yes,Fiber optic,60.48,654.16,No
CUST00420,Female,0,28,No,Fiber optic,47.36,1306.17,No
CUST00421,Male,0,5,Yes,Fiber optic,103.47,549.37,Yes
CUST00422,Male,0,1,No,DSL,89.06,80.3,Yes
CUST00423,Male,0,6,Yes,Fiber optic,85.98,468.32,No
CUST00424,Female,0,12,No,No,31.73,354.34,No
CUST00425,Male,0,3,Yes,Fiber optic,88.71,264.02,Yes
CUST00426,Male,0,60,Yes,No,54.56,3614.61,No
CUST00427,Female,0,11,Yes,DSL,78.15,786.41,Yes
CUST00428,Male,1,56,Yes,Fiber optic,26.25,1799.0,Yes
CUST00429,Male,0,3,No,Fiber optic,95.91,307.68,Yes
CUST00430,Female,0,20,No,Fiber optic,53.2,866.31,Yes
CUST00431,Female,0,60,Yes,DSL,71.77,4049.16,No
CUST00432,Male,1,9,Yes,Fiber optic,63.63,607.15,Yes
CUST00433,Male,0,1,Yes,DSL,62.6,58.13,No
CUST00434,Male,0,39,No,Fiber optic,22.22,1191.79,No
CUST00435,Female,1,3,No,Fiber optic,87.1,243.08,No
CUST00436,Female,0,2,No,No,79.75,,Yes
CUST00437,Female,0,12,Yes,Fiber optic,39.89,367.89,Yes
CUST00438,Male,0,33,No,DSL,63.44,2189.12,No
CUST00439,Female,0,57,Yes,DSL,56.9,3224.06,No
CUST00440,Female,0,52,Yes,Fiber optic,42.38,1853.29,No
CUST00441,Female,0,38,No,No,93.84,3591.84,No
CUST00442,Male,0,8,No,DSL,91.03,740.55,Yes
CUST00443,Female,0,12,No,Fiber optic,20.54,271.6,No
CUST00444,Male,0,3,Yes,Fiber optic,94.72,267.09,Yes
CUST00445,Female,0,0,Yes,DSL,90.13,,No
CUST00446,Male,0,2,No,DSL,73.89,150.7,Yes
CUST00447,Male,1,2,Yes,No,97.29,202.47,No
CUST00448,Female,1,5,No,Fiber optic,94.88,463.23,Yes
CUST00449,Female,0,12,No,No,74.79,945.53,No
CUST00450,Male,0,68,No,Fiber optic,65.21,4810.32,Yes
CUST00451,Male,0,7,Yes,DSL,82.36,610.81,Yes
CUST00452,Male,0,39,Yes,DSL,55.86,2006.27,No
CUST00453,Female,0,6,No,Fiber optic,102.75,559.18,No
CUST00454,Female,1,12,Yes,No,76.16,,No
CUST00455,Male,0,65,Yes,DSL,48.77,2809.97,No
CUST00456,Female,0,33,No,Fiber optic,78.01,2281.61,No
CUST00457,Male,0,8,Yes,No,95.87,840.79,Yes
CUST00458,Female,0,70,Yes,Fiber optic,61.07,3665.86,Yes
CUST00459,Male,0,48,No,Fiber optic,92.42,4834.53,No
CUST00460,Female,0,15,No,Fiber optic,77.12,1125.9,No
CUST00461,Male,0,62,Yes,DSL,70.12,4309.03,No
CUST00462,Male,0,70,No,No,62.87,5064.62,No
CUST00463,Male,1,23,Yes,DSL,28.85,740.66,No
CUST00464,Female,1,10,Yes,Fiber optic,77.34,784.74,Yes
CUST00465,Male,0,38,No,DSL,56.21,2270.63,No
CUST00466,Male,0,60,No,No,90.29,4846.51,No
CUST00467,Female,1,42,No,DSL,34.71,1380.61,No
CUST00468,Male,0,10,Yes,DSL,88.03,913.86,No
CUST00469,Female,0,71,No,DSL,46.27,2727.81,No
CUST00470,Male,0,47,Yes,DSL,93.55,4800.29,No
CUST00471,Female,0,51,Yes,No,85.53,4355.71,No
CUST00472,Female,0,21,Yes,DSL,20.37,367.65,No
CUST00473,Female,0,1,No,Fiber optic,93.71,85.24,Yes
CUST00474,Male,0,18,Yes,Fiber optic,44.56,658.59,Yes
CUST00475,Male,1,4,No,Fiber optic,85.9,354.78,No
CUST00476,Female,1,66,No,DSL,91.33,6332.15,No
CUST00477,Male,0,43,Yes,DSL,84.37,3321.38,No
CUST00478,Male,1,69,No,DSL,64.95,4727.09,Yes
CUST00479,Male,1,53,No,DSL,51.99,2467.88,No
CUST00480,Female,0,20,Yes,DSL,63.44,1282.66,No
CUST00481,Male,1,8,Yes,DSL,63.32,580.01,No
CUST00482,Male,0,34,Yes,Fiber optic,77.66,2869.62,No
CUST00483,Female,0,24,No,Fiber optic,23.4,488.82,No
CUST00484,Female,0,55,No,DSL,39.51,1904.42,No
CUST00485,Male,0,5,Yes,DSL,93.72,501.06,No
CUST00486,Male,0,1,Yes,DSL,66.5,64.33,No
CUST00487,Female,1,57,Yes,DSL,92.67,4984.79,Yes
CUST00488,Female,0,54,No,Fiber optic,75.67,4099.52,No
CUST00489,Female,0,37,No,Fiber optic,43.18,1523.9,Yes
CUST00490,Female,0,65,No,No,46.28,3312.89,No
CUST00491,Female,0,37,No,Fiber optic,76.25,3033.05,No
CUST00492,Female,0,2,Yes,DSL,106.16,218.57,Yes
CUST00493,Female,0,68,Yes,DSL,30.54,2315.01,No
CUST00494,Female,0,66,Yes,No,70.07,5236.07,No
CUST00495,Male,0,14,No,No,58.72,909.93,No
CUST00496,Male,0,61,No,Fiber optic,33.78,1814.44,No
CUST00497,Female,0,1,No,Fiber optic,82.67,75.86,No
CUST00498,Male,1,9,No,DSL,97.1,956.61,Yes
CUST00499,Female,1,13,Yes,Fiber optic,26.96,346.42,Yes
CUST00500,Female,1,35,Yes,Fiber optic,79.98,2944.52,No
CUST00501,Female,1,60,Yes,Fiber optic,88.49,4858.88,No
CUST00502,Male,1,28,No,DSL,69.74,1805.01,No
CUST00503,Female,0,15,Yes,Fiber optic,25.53,457.77,No
CUST00504,Male,0,16,Yes,DSL,76.06,1277.16,No
CUST00505,Male,0,7,Yes,DSL,69.95,470.02,No
CUST00506,Female,0,2,Yes,No,79.86,167.71,No
CUST00507,Male,0,12,Yes,Fiber optic,28.96,311.14,Yes
CUST00508,Female,0,7,Yes,Fiber optic,66.81,494.92,No
CUST00509,Female,0,3,No,DSL,63.07,179.5,No
CUST00510,Female,1,4,No,Fiber optic,60.4,276.83,No
CUST00511,Male,0,11,No,Fiber optic,102.01,1123.38,Yes
CUST00512,Male,0,35,Yes,DSL,95.77,,No
CUST00513,Male,0,72,Yes,DSL,59.17,4253.32,No
CUST00514,Male,0,7,No,DSL,100.9,763.17,Yes
CUST00515,Female,0,10,No,Fiber optic,74.42,735.4,No
CUST00516,Male,0,8,Yes,DSL,91.61,780.27,Yes
CUST00517,Male,0,11,No,No,99.82,1134.43,No
CUST00518,Female,0,0,Yes,No,105.07,,Yes
CUST00519,Male,0,1,Yes,Fiber optic,65.04,66.03,Yes
CUST00520,Female,0,0,No,DSL,83.44,,No
CUST00521,Female,0,67,Yes,DSL,32.51,1787.32,No
CUST00522,Male,0,4,No,DSL,75.94,283.41,Yes
CUST00523,Male,0,1,Yes,DSL,69.01,72.75,No
CUST00524,Female,0,10,No,DSL,87.37,935.75,Yes
CUST00525,Male,1,56,Yes,Fiber optic,40.73,2617.23,No
CUST00526,Male,0,59,No,No,79.2,4827.9,No
CUST00527,Female,0,49,No,Fiber optic,91.99,4443.26,No
CUST00528,Male,0,37,Yes,DSL,59.53,2297.48,No
CUST00529,Female,0,21,No,Fiber optic,66.01,1352.81,Yes
CUST00530,Male,0,54,No,DSL,59.33,3608.62,No
CUST00531,Male,0,5,Yes,DSL,85.72,409.4,Yes
CUST00532,Male,0,11,Yes,DSL,92.72,956.15,Yes
CUST00533,Female,0,55,Yes,No,42.65,2819.87,No
CUST00534,Male,0,26,No,Fiber optic,99.76,2709.64,Yes
CUST00535,Female,1,9,No,Fiber optic,78.96,,No
CUST00536,Female,0,33,No,DSL,92.39,2808.92,No
CUST00537,Male,0,17,Yes,Fiber optic,80.33,1474.35,No
CUST00538,Male,1,3,Yes,DSL,76.34,257.98,Yes
CUST00539,Female,0,3,Yes,Fiber optic,95.86,265.84,Yes
CUST00540,Male,0,49,Yes,Fiber optic,36.23,1980.36,Yes
CUST00541,Male,0,35,Yes,Fiber optic,92.31,3327.18,No
CUST00542,Male,0,5,No,Fiber optic,72.32,345.68,Yes
CUST00543,Male,0,30,No,DSL,50.88,1813.81,No
CUST00544,Male,0,12,No,No,64.84,861.43,No
CUST00545,Female,0,39,No,DSL,56.02,2450.37,No
CUST00546,Male,0,63,No,DSL,90.54,5241.35,No
CUST00547,Male,0,6,Yes,DSL,108.24,697.63,Yes
CUST00548,Female,0,48,Yes,DSL,99.92,,No
CUST00549,Female,0,0,No,Fiber optic,76.93,,No
CUST00550,Female,1,50,No,No,44.93,2329.78,No
CUST00551,Female,0,9,Yes,Fiber optic,96.08,911.72,No
CUST00552,Male,0,29,Yes,DSL,34.68,1125.72,No
CUST00553,Female,0,5,Yes,DSL,65.53,297.41,No
CUST00554,Male,0,0,Yes,Fiber optic,62.62,,No
CUST00555,Male,0,7,No,Fiber optic,93.17,666.74,Yes
CUST00556,Male,0,11,Yes,No,62.69,758.75,No
CUST00557,Male,0,31,Yes,DSL,97.68,2806.68,No
CUST00558,Female,0,12,No,Fiber optic,45.0,494.41,Yes
CUST00559,Male,0,11,Yes,DSL,60.01,635.9,No
CUST00560,Female,1,7,No,DSL,64.97,430.05,No
CUST00561,Male,0,67,Yes,DSL,39.5,3080.74,No
CUST00562,Female,0,38,No,DSL,84.49,3241.94,No
CUST00563,Female,0,60,Yes,No,85.2,5102.92,No
CUST00564,Female,1,62,No,Fiber optic,29.81,1326.82,No
CUST00565,Male,0,48,No,DSL,77.97,3273.48,No
CUST00566,Male,1,56,Yes,DSL,97.72,5230.58,No
CUST00567,Male,0,2,No,Fiber optic,85.6,178.63,Yes
CUST00568,Male,0,3,Yes,Fiber optic,88.64,268.7,No
CUST00569,Male,1,3,No,Fiber optic,104.91,296.31,Yes
CUST00570,Female,0,19,No,Fiber optic,56.67,1131.97,No
CUST00571,Male,0,1,Yes,Fiber optic,72.78,67.09,No
CUST00572,Female,0,41,No,DSL,96.76,4257.93,No
CUST00573,Male,1,3,Yes,DSL,70.31,225.3,Yes
CUST00574,Male,0,68,Yes,DSL,80.73,6133.48,No
CUST00575,Female,0,19,No,Fiber optic,75.28,1573.5,Yes
CUST00576,Female,1,64,No,Fiber optic,57.47,3194.36,Yes
CUST00577,Male,0,23,No,Fiber optic,22.84,694.65,Yes
CUST00578,Male,0,5,Yes,No,102.48,470.36,No
CUST00579,Male,0,9,Yes,No,107.91,989.98,Yes
CUST00580,Female,0,34,No,DSL,62.13,2114.57,No
CUST00581,Male,0,12,No,Fiber optic,91.98,1028.21,No
CUST00582,Male,0,48,No,DSL,94.93,4857.8,No
CUST00583,Female,0,7,Yes,Fiber optic,87.64,671.69,No
CUST00584,Male,0,39,Yes,DSL,65.15,2223.34,No
CUST00585,Female,0,34,Yes,Fiber optic,97.82,,Yes
CUST00586,Female,0,15,Yes,DSL,44.2,706.46,No
CUST00587,Female,1,72,No,No,63.53,4437.6,No
CUST00588,Female,0,54,Yes,Fiber optic,52.46,2576.88,Yes
CUST00589,Female,1,42,Yes,Fiber optic,98.72,4149.41,Yes
CUST00590,Male,0,7,Yes,DSL,92.99,662.26,No
CUST00591,Female,0,63,No,DSL,87.03,5215.97,No
CUST00592,Male,0,11,No,DSL,97.67,1168.57,No
CUST00593,Female,1,47,No,No,73.8,3048.82,Yes
CUST00594,Female,0,11,No,Fiber optic,64.76,720.78,Yes
CUST00595,Female,0,6,No,DSL,72.61,460.73,No
CUST00596,Female,0,43,No,DSL,66.27,,No
CUST00597,Female,0,12,No,DSL,38.09,466.99,No
CUST00598,Male,0,13,No,DSL,59.39,748.63,No
CUST00599,Male,0,39,Yes,DSL,37.04,1334.2,No
CUST00600,Male,0,48,Yes,Fiber optic,49.36,2134.77,No
CUST00601,Male,0,7,Yes,DSL,96.06,685.64,Yes
CUST00602,Female,0,6,No,Fiber optic,65.65,414.5,No
CUST00603,Female,0,3,No,DSL,103.51,,Yes
CUST00604,Male,0,9,No,No,102.42,923.49,Yes
CUST00605,Male,0,32,No,Fiber optic,44.47,1202.83,No
CUST00606,Male,0,8,No,Fiber optic,102.13,794.27,No
CUST00607,Male,0,36,No,Fiber optic,99.21,3617.49,No
CUST00608,Male,0,10,No,DSL,106.03,,Yes
CUST00609,Male,0,17,No,Fiber optic,22.98,525.7,No
CUST00610,Female,1,1,Yes,Fiber optic,85.73,89.78,Yes
CUST00611,Male,0,20,Yes,Fiber optic,37.54,886.34,No
CUST00612,Female,0,26,Yes,No,36.74,998.31,No
CUST00613,Male,0,34,Yes,DSL,98.35,3651.19,No
CUST00614,Male,0,2,Yes,DSL,104.08,210.79,Yes
CUST00615,Female,0,32,No,DSL,50.64,1623.11,No
CUST00616,Female,1,17,Yes,DSL,56.27,,No
CUST00617,Female,0,7,Yes,Fiber optic,103.03,750.18,Yes
CUST00618,Male,0,16,Yes,DSL,27.38,475.1,No
CUST00619,Male,0,51,No,No,89.38,,No
CUST00620,Male,1,17,No,Fiber optic,72.93,,Yes
CUST00621,Male,0,36,No,Fiber optic,80.02,2839.87,No
CUST00622,Male,0,1,No,Fiber optic,63.26,65.95,No
CUST00623,Female,0,28,Yes,Fiber optic,37.4,1125.45,No
CUST00624,Male,0,20,Yes,Fiber optic,90.6,1803.55,No
CUST00625,Female,1,61,No,DSL,69.67,3777.9,No
CUST00626,Male,0,40,Yes,DSL,53.15,1728.99,No
CUST00627,Male,0,3,Yes,Fiber optic,62.5,212.56,Yes
CUST00628,Male,0,64,Yes,Fiber optic,58.53,4244.78,Yes
CUST00629,Female,0,35,No,No,89.12,3138.73,No
CUST00630,Female,0,7,Yes,No,75.92,517.85,Yes
CUST00631,Male,0,25,No,DSL,97.54,2210.26,No
CUST00632,Male,0,10,Yes,Fiber optic,102.38,986.46,Yes
CUST00633,Female,0,24,No,DSL,62.71,1717.68,No
CUST00634,Male,0,22,Yes,No,47.11,866.08,No
CUST00635,Male,1,71,No,DSL,24.72,1624.88,No
CUST00636,Male,0,66,No,Fiber optic,33.46,2075.03,Yes
CUST00637,Male,1,41,Yes,DSL,76.66,2856.76,No
CUST00638,Female,0,72,Yes,No,56.23,4675.03,No
CUST00639,Female,0,59,Yes,Fiber optic,88.14,5579.89,Yes
CUST00640,Male,0,63,No,No,33.51,2358.1,No
CUST00641,Male,0,61,Yes,DSL,73.24,4675.23,No
CUST00642,Male,0,23,No,DSL,35.98,821.23,No
CUST00643,Female,0,12,Yes,DSL,49.63,593.71,No
CUST00644,Female,0,58,Yes,No,71.66,4677.12,No
CUST00645,Female,0,13,Yes,Fiber optic,69.13,788.44,No
CUST00646,Male,0,8,Yes,Fiber optic,78.5,607.31,No
CUST00647,Female,0,57,No,Fiber optic,49.61,3130.11,No
CUST00648,Female,0,72,No,DSL,45.91,3850.68,No
CUST00649,Male,1,11,Yes,Fiber optic,69.83,865.46,No
CUST00650,Female,1,69,Yes,DSL,52.53,3947.47,Yes
CUST00651,Male,0,30,No,DSL,65.73,2166.84,No
CUST00652,Female,0,2,Yes,DSL,96.61,207.49,No
CUST00653,Male,0,23,Yes,Fiber optic,71.4,1535.39,No
CUST00654,Male,0,56,No,Fiber optic,24.28,942.51,No
CUST00655,Male,0,9,No,DSL,105.53,977.38,Yes
CUST00656,Male,0,15,No,No,57.64,877.49,No
CUST00657,Female,0,5,Yes,DSL,94.1,479.94,Yes
CUST00658,Female,0,4,No,DSL,87.03,385.85,Yes
CUST00659,Male,1,1,No,Fiber optic,91.66,82.93,Yes
CUST00660,Female,0,10,No,DSL,92.99,927.3,Yes
CUST00661,Female,0,30,Yes,DSL,97.82,2766.01,No
CUST00662,Male,0,9,Yes,Fiber optic,68.87,647.94,No
CUST00663,Male,0,9,No,DSL,66.29,684.24,No
CUST00664,Female,0,59,No,Fiber optic,76.18,4559.41,No
CUST00665,Female,0,0,Yes,Fiber optic,85.14,,Yes
CUST00666,Female,1,42,No,DSL,38.4,1910.62,No
CUST00667,Female,0,6,Yes,DSL,64.49,427.27,No
CUST00668,Male,1,57,Yes,DSL,30.22,1892.62,No
CUST00669,Female,0,35,No,Fiber optic,47.43,1831.82,No
CUST00670,Male,0,32,No,Fiber optic,33.3,1018.06,Yes
CUST00671,Female,0,6,Yes,No,61.26,325.18,No
CUST00672,Male,0,29,No,DSL,35.16,1256.19,No
CUST00673,Female,0,2,No,DSL,65.45,147.68,No
CUST00674,Male,0,16,Yes,Fiber optic,74.2,1123.35,Yes
CUST00675,Male,0,24,Yes,DSL,77.56,1970.7,No
CUST00676,Male,0,68,Yes,Fiber optic,20.53,1661.99,No
CUST00677,Female,0,11,Yes,DSL,103.24,1210.97,Yes
CUST00678,Male,0,18,Yes,DSL,27.07,439.27,No
CUST00679,Female,0,52,Yes,DSL,35.32,1623.4,No
CUST00680,Male,1,7,No,DSL,106.38,808.82,Yes
CUST00681,Male,0,12,No,Fiber optic,53.46,720.46,Yes
CUST00682,Male,0,25,No,No,72.35,1836.79,No
CUST00683,Male,1,48,No,Fiber optic,84.5,4406.94,Yes
CUST00684,Male,0,53,No,DSL,92.11,4664.55,No
CUST00685,Female,0,6,Yes,DSL,102.49,648.15,Yes
CUST00686,Male,1,43,Yes,Fiber optic,99.85,4496.43,Yes
CUST00687,Male,0,24,Yes,Fiber optic,70.82,1610.52,No
CUST00688,Female,0,34,Yes,Fiber optic,86.83,2708.73,No
CUST00689,Female,0,70,No,DSL,59.51,4726.49,No
CUST00690,Female,0,41,Yes,Fiber optic,20.18,566.89,No
CUST00691,Male,0,8,Yes,Fiber optic,66.77,460.93,No
CUST00692,Female,0,9,No,Fiber optic,69.75,538.14,No
CUST00693,Male,0,9,Yes,No,63.47,604.72,No
CUST00694,Female,0,9,Yes,No,78.63,688.74,Yes
CUST00695,Female,0,13,Yes,Fiber optic,83.87,1177.14,No
CUST00696,Female,0,20,No,Fiber optic,34.88,687.11,No
CUST00697,Male,1,53,No,DSL,85.98,5024.7,No
CUST00698,Male,0,9,No,Fiber optic,62.12,,Yes
CUST00699,Male,0,47,No,DSL,32.61,1070.08,No
CUST00700,Female,1,51,Yes,Fiber optic,68.04,3510.1,No
CUST00701,Female,0,12,Yes,No,36.27,420.19,No
CUST00702,Female,0,8,Yes,DSL,78.02,677.98,Yes
CUST00703,Male,0,30,Yes,No,91.86,2746.88,No
CUST00704,Female,0,64,Yes,Fiber optic,62.27,3693.28,Yes
CUST00705,Male,0,31,No,DSL,66.53,1990.94,No
CUST00706,Female,0,48,Yes,No,64.47,2741.53,No
CUST00707,Female,0,0,No,DSL,62.15,,No
CUST00708,Male,0,33,No,DSL,43.58,1313.94,No
CUST00709,Male,0,57,Yes,Fiber optic,86.2,5073.9,No
CUST00710,Male,0,49,No,No,60.4,3174.9,No
CUST00711,Male,0,67,No,Fiber optic,68.57,4369.49,Yes
CUST00712,Male,0,8,Yes,Fiber optic,89.86,697.75,Yes
CUST00713,Male,0,32,No,DSL,23.48,,No
CUST00714,Male,1,58,Yes,DSL,80.47,5157.92,No
CUST00715,Male,0,25,Yes,Fiber optic,49.02,986.99,No
CUST00716,Male,0,35,No,No,28.8,1325.93,No
CUST00717,Female,0,45,Yes,DSL,42.45,2106.18,No
CUST00718,Male,0,52,Yes,DSL,56.41,2959.03,No
CUST00719,Female,1,60,No,Fiber optic,56.3,3628.62,No
CUST00720,Male,0,21,Yes,DSL,91.49,1840.25,No
CUST00721,Male,1,30,Yes,DSL,86.06,2828.08,No
CUST00722,Female,1,45,Yes,Fiber optic,75.55,3340.62,No
CUST00723,Female,0,5,No,Fiber optic,99.39,510.96,Yes
CUST00724,Male,0,21,No,Fiber optic,75.21,1573.61,No
CUST00725,Male,0,18,Yes,No,96.88,1586.31,No
CUST00726,Male,0,58,No,Fiber optic,21.99,938.02,Yes
CUST00727,Male,0,51,No,DSL,31.77,1779.37,No
CUST00728,Female,0,11,No,No,108.18,1081.3,Yes
CUST00729,Female,0,15,Yes,Fiber optic,63.9,831.12,Yes
CUST00730,Female,0,67,Yes,Fiber optic,35.27,2102.89,Yes
CUST00731,Male,0,12,No,No,37.92,396.96,No
CUST00732,Female,0,12,No,No,61.03,644.46,No
CUST00733,Female,0,59,Yes,DSL,53.68,2895.2,No
CUST00734,Female,0,8,No,DSL,79.37,646.45,Yes
CUST00735,Female,0,69,Yes,DSL,53.12,,No
CUST00736,Male,1,2,Yes,DSL,95.43,200.93,Yes
CUST00737,Male,0,11,Yes,No,71.13,815.37,No
CUST00738,Female,0,9,Yes,DSL,71.08,611.06,No
CUST00739,Male,0,5,No,DSL,66.79,370.55,No
CUST00740,Male,1,58,No,DSL,60.69,3982.57,Yes
CUST00741,Female,0,1,Yes,Fiber optic,75.85,74.16,No
CUST00742,Female,0,5,No,Fiber optic,97.85,466.97,No
CUST00743,Male,1,24,Yes,No,88.12,2265.54,Yes
CUST00744,Male,0,5,No,No,87.42,410.27,Yes
CUST00745,Male,1,35,Yes,No,62.66,1930.55,No
CUST00746,Male,1,64,No,Fiber optic,87.97,5775.56,Yes
CUST00747,Male,0,59,Yes,Fiber optic,25.46,1460.83,No
CUST00748,Male,1,50,Yes,DSL,80.77,3729.48,No
CUST00749,Male,0,49,No,Fiber optic,94.75,4989.13,No
CUST00750,Male,0,68,No,No,35.36,2856.02,No
CUST00751,Male,0,60,No,Fiber optic,66.74,3876.26,Yes
CUST00752,Female,0,56,Yes,DSL,67.06,3728.95,No
CUST00753,Female,0,34,Yes,DSL,67.36,2285.21,No
CUST00754,Male,0,63,Yes,DSL,88.33,5393.69,No
CUST00755,Male,0,21,No,Fiber optic,44.28,863.38,No
CUST00756,Male,1,9,No,Fiber optic,107.7,951.81,No
CUST00757,Male,0,2,Yes,Fiber optic,84.96,185.69,No
CUST00758,Female,0,10,Yes,Fiber optic,91.4,,Yes
CUST00759,Male,1,46,No,Fiber optic,80.29,4103.4,No
CUST00760,Female,0,56,Yes,Fiber optic,56.17,2893.98,Yes
CUST00761,Male,0,10,No,Fiber optic,79.37,780.8,No
CUST00762,Female,1,43,Yes,DSL,66.43,2990.35,No
CUST00763,Female,0,63,Yes,Fiber optic,60.49,,No
CUST00764,Male,0,32,No,DSL,91.63,3150.05,No
CUST00765,Male,1,8,No,No,100.34,871.1,No
CUST00766,Male,1,17,Yes,DSL,86.82,,No
CUST00767,Female,0,2,No,Fiber optic,92.86,175.43,Yes
CUST00768,Female,0,72,Yes,No,50.35,2958.23,No
CUST00769,Female,1,8,No,Fiber optic,75.85,637.54,Yes
CUST00770,Male,1,55,No,DSL,46.09,2281.36,No
CUST00771,Female,0,63,No,No,43.48,3126.22,No
CUST00772,Female,1,5,No,DSL,77.88,411.83,Yes
CUST00773,Male,0,37,Yes,Fiber optic,87.76,3271.29,No
CUST00774,Female,0,62,Yes,DSL,23.98,1502.72,No
CUST00775,Female,0,53,No,Fiber optic,71.12,3690.34,No
CUST00776,Female,0,57,No,Fiber optic,83.28,4644.14,No
CUST00777,Male,0,0,Yes,No,82.21,,Yes
CUST00778,Female,0,47,Yes,Fiber optic,77.11,3348.26,No
CUST00779,Female,1,56,Yes,No,81.93,4207.93,No
CUST00780,Female,1,63,Yes,Fiber optic,39.52,2955.79,No
CUST00781,Female,0,7,Yes,Fiber optic,81.96,514.6,Yes
CUST00782,Female,0,62,No,Fiber optic,58.5,3892.9,Yes
CUST00783,Male,0,0,Yes,DSL,104.7,,No
CUST00784,Male,0,27,No,DSL,30.64,904.67,No
CUST00785,Male,0,60,No,Fiber optic,27.71,2234.33,No
CUST00786,Male,0,24,No,DSL,64.73,1719.54,No
CUST00787,Male,0,4,No,Fiber optic,75.98,305.71,Yes
CUST00788,Female,0,28,Yes,No,87.95,2262.27,No
CUST00789,Male,1,44,Yes,DSL,29.67,1141.01,No
CUST00790,Male,1,14,No,DSL,39.38,534.5,Yes
CUST00791,Female,0,64,Yes,No,71.67,4423.95,No
CUST00792,Male,1,6,Yes,DSL,103.63,563.47,Yes
CUST00793,Female,0,4,No,Fiber optic,87.3,387.13,Yes
CUST00794,Male,0,11,No,DSL,104.97,1240.51,No
CUST00795,Male,0,4,No,DSL,61.84,214.31,No
CUST00796,Female,0,36,No,Fiber optic,82.91,2836.9,No
CUST00797,Female,1,8,No,DSL,92.95,689.71,No
CUST00798,Male,1,13,No,Fiber optic,47.33,716.05,Yes
CUST00799,Male,0,16,No,Fiber optic,79.71,1212.16,No
CUST00800,Male,0,7,No,Fiber optic,62.33,434.4,No
CUST00801,Female,1,10,No,No,82.17,735.92,No
CUST00802,Female,0,51,No,No,68.99,3793.77,No
CUST00803,Male,1,37,Yes,DSL,88.59,3186.89,Yes
CUST00804,Male,0,5,Yes,No,73.64,321.67,Yes
CUST00805,Female,0,37,Yes,Fiber optic,76.78,2886.16,No
CUST00806,Female,0,9,Yes,DSL,97.33,940.41,Yes
CUST00807,Male,0,50,No,DSL,35.85,1651.56,No
CUST00808,Female,0,7,Yes,Fiber optic,107.6,787.17,No
CUST00809,Male,1,2,No,No,75.36,147.84,Yes
CUST00810,Female,0,2,Yes,DSL,101.82,,No
CUST00811,Female,0,4,No,Fiber optic,95.63,345.26,No
CUST00812,Female,0,12,No,No,92.59,,No
CUST00813,Female,0,16,Yes,Fiber optic,57.3,879.32,Yes
CUST00814,Female,0,2,Yes,Fiber optic,76.01,151.66,No
CUST00815,Female,0,69,No,DSL,84.72,,No
CUST00816,Female,0,6,No,Fiber optic,103.97,,Yes
CUST00817,Male,0,7,No,DSL,75.41,536.37,Yes
CUST00818,Male,0,11,No,No,104.74,1089.15,Yes
CUST00819,Female,0,6,Yes,DSL,105.87,,No
CUST00820,Female,0,0,No,Fiber optic,93.2,,No
CUST00821,Male,0,2,Yes,No,71.54,142.75,Yes
CUST00822,Female,0,11,Yes,DSL,102.99,1126.75,Yes
CUST00823,Female,0,5,No,Fiber optic,71.09,355.78,Yes
CUST00824,Female,0,42,No,Fiber optic,77.58,3230.31,Yes
CUST00825,Female,0,14,Yes,No,29.62,525.53,No
CUST00826,Male,0,7,Yes,Fiber optic,91.45,700.92,Yes
CUST00827,Male,1,33,Yes,Fiber optic,61.0,2193.12,No
CUST00828,Female,0,5,No,DSL,81.78,399.27,No
CUST00829,Male,1,62,Yes,DSL,35.68,1766.54,No
CUST00830,Female,0,5,Yes,Fiber optic,67.96,290.28,Yes
CUST00831,Male,0,39,Yes,Fiber optic,47.24,1495.79,No
CUST00832,Male,0,19,No,DSL,80.51,1426.27,No
CUST00833,Male,1,9,No,DSL,80.2,792.52,No
CUST00834,Male,0,10,Yes,DSL,70.9,790.19,Yes
CUST00835,Male,0,8,No,DSL,68.64,,No
CUST00836,Male,0,31,Yes,DSL,99.45,,No
CUST00837,Female,0,3,Yes,DSL,82.82,226.21,No
CUST00838,Male,1,56,Yes,No,68.61,3818.88,Yes
CUST00839,Female,0,38,No,DSL,53.86,2267.07,No
CUST00840,Male,0,61,Yes,DSL,39.72,2828.04,No
CUST00841,Female,0,41,Yes,Fiber optic,36.11,1483.82,No
CUST00842,Female,0,56,Yes,DSL,93.99,4870.39,No
CUST00843,Male,0,7,No,No,60.49,418.11,No
CUST00844,Female,0,31,No,Fiber optic,32.9,1048.23,Yes
CUST00845,Female,0,72,Yes,No,22.11,1641.79,No
CUST00846,Male,0,59,No,DSL,55.77,2885.23,No
CUST00847,Male,1,56,Yes,DSL,98.48,5146.94,No
CUST00848,Female,0,67,No,DSL,97.77,6590.3,No
CUST00849,Male,0,11,No,DSL,99.87,1086.25,Yes
CUST00850,Male,0,71,Yes,No,62.36,4976.91,No
CUST00851,Female,0,55,Yes,No,70.09,3400.12,No
CUST00852,Female,0,8,Yes,No,73.1,586.92,No
CUST00853,Female,0,1,Yes,Fiber optic,106.64,106.32,No
CUST00854,Male,0,55,Yes,No,55.29,3400.25,No
CUST00855,Female,0,3,No,DSL,81.83,246.82,Yes
CUST00856,Male,0,67,Yes,Fiber optic,46.17,3165.37,No
CUST00857,Female,0,63,Yes,No,51.01,3030.88,No
CUST00858,Male,0,20,Yes,DSL,69.94,1372.44,No
CUST00859,Female,0,1,Yes,Fiber optic,106.92,114.72,Yes
CUST00860,Female,0,29,Yes,DSL,70.16,1825.7,No
CUST00861,Male,1,10,Yes,Fiber optic,105.84,1130.29,Yes
CUST00862,Male,0,21,No,Fiber optic,59.95,1378.48,No
CUST00863,Female,0,20,Yes,Fiber optic,44.04,1002.31,No
CUST00864,Female,0,34,Yes,Fiber optic,36.96,1235.49,No
CUST00865,Male,0,1,Yes,Fiber optic,83.33,,Yes
CUST00866,Female,0,7,No,Fiber optic,91.83,613.12,Yes
CUST00867,Female,1,7,No,No,94.86,673.41,No
CUST00868,Male,1,61,Yes,No,94.92,6214.3,No
CUST00869,Male,1,62,Yes,No,52.8,3139.56,No
CUST00870,Female,0,32,No,Fiber optic,64.37,2066.18,No
CUST00871,Male,0,54,Yes,DSL,33.37,1808.2,No
CUST00872,Male,0,7,No,Fiber optic,95.29,598.46,Yes
CUST00873,Female,0,11,Yes,DSL,82.66,974.69,Yes
CUST00874,Male,0,59,No,Fiber optic,82.31,4393.24,No
CUST00875,Male,1,25,No,DSL,66.51,1428.54,No
CUST00876,Male,1,3,No,Fiber optic,66.13,209.87,No
CUST00877,Female,0,3,Yes,No,109.5,347.13,No
CUST00878,Male,1,37,Yes,DSL,94.42,3803.16,No
CUST00879,Male,0,12,No,DSL,44.53,498.12,No
CUST00880,Male,0,33,Yes,Fiber optic,46.36,1825.14,No
CUST00881,Female,0,67,No,DSL,34.12,2261.11,No
CUST00882,Female,0,4,No,DSL,64.25,261.02,No
CUST00883,Female,0,44,No,Fiber optic,32.37,1022.73,No
CUST00884,Male,0,11,No,DSL,80.7,855.97,Yes
CUST00885,Male,0,59,Yes,No,53.71,3287.44,No
CUST00886,Male,0,8,Yes,No,68.52,620.66,No
CUST00887,Male,0,11,Yes,Fiber optic,101.11,1212.73,Yes
CUST00888,Female,0,0,Yes,DSL,107.22,,Yes
CUST00889,Female,0,72,No,Fiber optic,58.58,4694.36,Yes
CUST00890,Male,0,0,Yes,Fiber optic,63.15,,No
CUST00891,Male,0,14,Yes,Fiber optic,91.01,1233.05,No
CUST00892,Male,0,3,Yes,DSL,85.94,234.3,Yes
CUST00893,Male,0,11,Yes,Fiber optic,95.94,1099.45,No
CUST00894,Male,0,63,No,Fiber optic,30.53,2231.63,No
CUST00895,Female,0,59,No,Fiber optic,57.14,3764.04,No
CUST00896,Male,0,60,Yes,Fiber optic,29.27,1893.16,Yes
CUST00897,Male,0,14,No,Fiber optic,43.75,556.5,No
CUST00898,Female,1,8,No,Fiber optic,87.6,732.96,Yes
CUST00899,Male,0,68,Yes,Fiber optic,60.95,4101.29,No
CUST00900,Female,0,5,Yes,DSL,68.31,372.32,No
CUST00901,Female,0,3,Yes,No,91.47,285.64,Yes
CUST00902,Male,0,41,No,No,62.9,2895.7,No
CUST00903,Female,0,26,Yes,No,27.48,705.49,No
CUST00904,Female,0,55,Yes,DSL,46.63,3097.36,No
CUST00905,Female,0,1,No,No,98.29,89.46,No
CUST00906,Male,1,57,No,No,97.45,5418.74,Yes
CUST00907,Male,0,26,Yes,DSL,75.9,2052.65,No
CUST00908,Male,0,2,Yes,Fiber optic,73.31,143.32,Yes
CUST00909,Female,0,50,No,Fiber optic,42.08,1799.89,No
CUST00910,Female,0,1,Yes,DSL,94.12,103.9,Yes
CUST00911,Female,0,46,Yes,Fiber optic,83.23,3783.61,No
CUST00912,Male,0,50,No,DSL,60.76,2900.06,No
CUST00913,Female,0,64,Yes,Fiber optic,46.56,2455.07,No
CUST00914,Female,0,49,Yes,Fiber optic,65.62,3592.37,Yes
CUST00915,Male,0,45,Yes,DSL,78.92,3865.91,No
CUST00916,Male,0,61,No,No,83.23,4995.34,No
CUST00917,Male,0,3,No,Fiber optic,64.26,206.5,No
CUST00918,Female,1,12,Yes,DSL,63.88,798.35,No
CUST00919,Female,0,16,No,DSL,67.22,1015.73,No
CUST00920,Female,0,3,Yes,DSL,64.48,,No
CUST00921,Male,0,11,Yes,DSL,96.16,1149.95,No
CUST00922,Female,0,5,No,DSL,68.07,,No
CUST00923,Male,0,20,No,DSL,93.27,1667.2,No
CUST00924,Female,1,36,Yes,No,22.29,773.19,Yes
CUST00925,Male,1,7,Yes,Fiber optic,99.26,643.41,Yes
CUST00926,Male,1,0,Yes,Fiber optic,109.9,,No
CUST00927,Male,0,49,No,No,52.54,2743.95,No
CUST00928,Female,0,67,Yes,Fiber optic,54.12,4280.91,No
CUST00929,Female,0,3,Yes,DSL,66.47,213.7,No
CUST00930,Female,0,1,Yes,DSL,82.84,78.58,Yes
CUST00931,Female,0,41,No,DSL,30.27,1397.14,No
CUST00932,Female,0,0,No,Fiber optic,72.0,,No
CUST00933,Female,0,69,Yes,Fiber optic,71.5,5612.03,No
CUST00934,Male,1,6,No,DSL,107.59,685.23,Yes
CUST00935,Female,0,45,Yes,DSL,32.48,,No
CUST00936,Female,0,60,No,Fiber optic,59.69,3682.19,No
CUST00937,Female,0,45,No,DSL,87.5,,No
CUST00938,Male,0,5,Yes,DSL,87.17,429.61,No
CUST00939,Female,0,61,No,DSL,44.42,2870.7,No
CUST00940,Female,1,50,Yes,DSL,53.26,2748.17,No
CUST00941,Female,0,12,No,DSL,25.17,293.07,No
CUST00942,Male,0,57,Yes,DSL,28.51,1492.02,No
CUST00943,Female,0,11,No,Fiber optic,78.9,930.43,Yes
CUST00944,Male,0,10,No,No,96.08,1024.31,Yes
CUST00945,Female,0,3,Yes,DSL,106.46,,No
CUST00946,Male,1,65,Yes,Fiber optic,55.94,3781.15,No
CUST00947,Male,0,44,No,DSL,39.86,1757.25,No
CUST00948,Female,0,8,Yes,No,78.27,623.73,Yes
CUST00949,Male,1,10,Yes,No,100.3,1080.01,Yes
CUST00950,Male,0,36,No,DSL,81.33,2768.49,No
CUST00951,Female,0,12,Yes,Fiber optic,48.18,507.24,No
CUST00952,Male,0,42,No,DSL,86.11,3318.49,No
CUST00953,Male,0,32,Yes,No,91.13,,No
CUST00954,Male,1,69,No,Fiber optic,23.18,1429.54,Yes
CUST00955,Male,0,8,Yes,Fiber optic,73.43,612.88,No
CUST00956,Female,0,7,No,DSL,63.49,440.69,No
CUST00957,Male,0,64,No,Fiber optic,49.6,3287.49,No
CUST00958,Female,0,22,No,No,90.51,2117.15,No
CUST00959,Male,0,2,Yes,DSL,98.14,213.47,Yes
CUST00960,Male,0,7,Yes,No,101.56,698.72,Yes
CUST00961,Female,0,37,Yes,DSL,40.46,1423.34,No
CUST00962,Male,0,54,No,DSL,23.98,1380.95,No
CUST00963,Male,1,71,No,DSL,57.37,4766.35,No
CUST00964,Female,0,51,No,Fiber optic,47.81,2786.05,No
CUST00965,Male,0,28,Yes,Fiber optic,79.75,2184.45,No
CUST00966,Male,0,5,No,DSL,60.93,276.45,No
CUST00967,Female,0,67,Yes,No,97.2,5902.32,No
CUST00968,Male,1,9,Yes,No,101.69,980.97,Yes
CUST00969,Male,1,9,Yes,Fiber optic,68.52,532.59,No
CUST00970,Female,0,42,Yes,Fiber optic,50.65,2337.25,No
CUST00971,Female,0,4,No,DSL,109.0,472.61,Yes
CUST00972,Male,1,63,Yes,Fiber optic,30.96,2471.97,No
CUST00973,Female,0,2,No,DSL,74.82,140.26,Yes
CUST00974,Female,0,72,No,Fiber optic,38.12,3209.95,No
CUST00975,Male,0,31,No,DSL,48.31,1726.5,No
CUST00976,Female,0,51,Yes,Fiber optic,44.81,1911.44,Yes
CUST00977,Male,0,28,Yes,Fiber optic,85.31,2226.02,Yes
CUST00978,Male,0,57,No,No,60.24,2909.66,No
CUST00979,Female,0,21,No,Fiber optic,51.99,1041.18,No
CUST00980,Female,1,72,No,DSL,76.02,5112.9,No
CUST00981,Female,0,6,Yes,Fiber optic,68.72,382.07,No
CUST00982,Female,0,67,No,DSL,48.36,3394.83,No
CUST00983,Female,0,30,No,DSL,52.93,1606.36,No
CUST00984,Female,0,5,No,DSL,70.84,392.06,Yes
CUST00985,Male,0,10,No,No,109.19,1026.47,No
CUST00986,Male,0,0,No,DSL,73.84,,No
CUST00987,Male,0,19,Yes,DSL,66.02,1285.11,No
CUST00988,Female,0,30,Yes,DSL,99.55,2941.64,No
CUST00989,Male,0,4,Yes,DSL,90.29,342.13,Yes
CUST00990,Female,1,68,No,Fiber optic,31.94,,No
CUST00991,Male,0,18,Yes,DSL,70.56,1236.88,No
CUST00992,Female,1,22,No,Fiber optic,92.93,2097.88,No
CUST00993,Female,0,60,No,DSL,63.11,4327.79,No
CUST00994,Male,0,51,Yes,No,46.01,2142.96,No
CUST00995,Male,0,7,Yes,DSL,64.18,472.13,No
CUST00996,Female,0,36,Yes,No,85.43,3159.05,No
CUST00997,Female,0,0,No,Fiber optic,76.96,,No
CUST00998,Male,1,46,No,DSL,92.04,4202.42,No
CUST00999,Male,0,11,Yes,Fiber optic,107.87,1083.49,No
CUST01000,Female,0,66,No,DSL,41.43,2602.01,No
